Workbook

Sheet Rejestr nowości - Styczeń  2026
A1: Super Grupa | B1: Grupa | C1: Linia / *Linia zakupowa | D1: Model produktowy | E1: Forecast H1 2026 (1 półrocze) | F1: Forecast H2 2026 (2 półrocze) | G1: Komentarz | H1: Data publikacji p3s: | I1: Zmiana
A2: Chairs | B2: Frame chairs | C2: Flesco | D2: wszystkie modele | E2: 2000 | F2: 3000 | H2: 45777
A3: Chairs | B3: Frame chairs | C3: Sitari | D3: wszystkie modele | E3: 1000 | F3: 2000 | H3: 45961
A4: Chairs | B4: Frame chairs | C4: Smile | D4: wszystkie modele | E4: 1000 | F4: 1000 | H4: 45600
A5: Chairs | B5: Frame chairs | C5: Yuni* | D5: wszystkie modele | E5: 600 | F5: 1000 | H5: 45877
A6: Chairs | B6: Frame chairs | C6: Bzoom | D6: wszystkie modele | E6: TBC | F6: TBC | G6: nowość
A7: Chairs | B7: Swivel chairs | C7: Elovie* | D7: wszystkie modele | E7: 4000 | F7: 5000 | H7: 45807
A8: Chairs | B8: Swivel chairs | C8: Prox | D8: wszystkie modele | E8: 2000 | F8: 3000 | H8: 45803
A9: Chairs | B9: Swivel chairs | C9: Vienna* | D9: wszystkie modele | E9: 500 | F9: 500 | H9: 45807
A10: Chairs | B10: Swivel chairs | C10: AIRI* | D10: wszystkie modele | E10: 500 | F10: 500 | H10: 45989
A11: Chairs | B11: Swivel chairs | C11: ERGO1* | D11: wszystkie modele | E11: 200 | F11: 300 | H11: 45930
A12: Chairs | B12: Swivel chairs | C12: Ovia* | D12: wszystkie modele | E12: TBC | F12: TBC | G12: nowość
A13: Chairs | B13: Swivel chairs | C13: Trofi* | D13: wszystkie modele | E13: TBC | F13: TBC | G13: nowość | H13: 46052
A14: Furniture | B14: Accessories | C14: Multo | D14: wszystkie modele | E14: 800 | F14: 1200 | H14: 45950 | I14: tak
A15: Furniture | B15: Desks and workbenches | C15: eComo | D15: wszystkie modele | E15: 6000 | F15: 6500 | H15: 45404
A16: Furniture | B16: Desks and workbenches | C16: eModel 3.0 | D16: wszystkie modele | E16: 18000 | F16: 24000 | H16: 45483
A17: Furniture | B17: Desks and workbenches | C17: eUP Prime | D17: wszystkie modele | E17: 4000 | F17: 5000 | H17: 45793
A18: Furniture | B18: Desks and workbenches | C18: Aero | D18: wszystkie modele | E18: 400 | F18: 600 | H18: 45933
A19: Furniture | B19: Storages | C19: Aplo | D19: wszystkie modele | E19: 50 | F19: 100 | H19: 45797
A20: Furniture | B20: Storages | C20: K27 | D20: wszystkie modele | E20: 100 | F20: 100 | H20: 45905
A21: Furniture | B21: Storages | C21: Multo | D21: wszystkie modele | E21: 800 | F21: 1200 | H21: 45950
A22: Furniture | B22: Storages | C22: Tento 2.0 | D22: wszystkie modele | E22: 4000 | F22: 5000 | G22: nowość | H22: 45960
A23: Furniture | B23: Tables | C23: Semu | D23: wszystkie modele | E23: 600 | F23: 700 | H23: 45658
A24: Softseating | B24: Acoustic pods | C24: SPIX* | D24: wszystkie modele | E24: 200 | F24: 100 | H24: 45772
A25: Softseating | B25: Panels | C25: Multo | D25: wszystkie modele | E25: 600 | F25: 800 | H25: 45930
A26: Softseating | B26: Panels | C26: Sileo EVO | D26: wszystkie modele | E26: 600 | F26: 800 | H26: 45989
A27: Softseating | B27: Softseating | C27: Barrique* | D27: wszystkie modele | E27: 50 | F27: 50 | H27: 45824 | I27: tak
A28: Softseating | B28: Softseating | C28: Bound | D28: wszystkie modele | E28: 150 | F28: 150 | H28: 45230 | I28: przestało być nowością
A29: Softseating | B29: Softseating | C29: Genaya | D29: wszystkie modele | E29: 250 | F29: 250 | H29: 45167 | I29: tak
A30: Softseating | B30: Softseating | C30: Kanu | D30: wszystkie modele | E30: 200 | F30: 200 | H30: 45581 | I30: tak
A31: Softseating | B31: Softseating | C31: Mollen | D31: wszystkie modele | E31: 1000 | F31: 1000 | H31: 45593 | I31: tak
A32: Softseating | B32: Softseating | C32: Otuli* | D32: wszystkie modele | E32: 60 | F32: 60 | H32: 45793 | I32: tak
A33: Softseating | B33: Softseating | C33: Scadio | D33: wszystkie modele | E33: 300 | F33: 300 | H33: 45658 | I33: tak
A34: Softseating | B34: Softseating | C34: Sivu* | D34: wszystkie modele | E34: 50 | F34: 50 | H34: 45777 | I34: tak
A35: Softseating | B35: Softseating | C35: Tri.ply | D35: wszystkie modele | E35: 150 | F35: 150 | H35: 45468 | I35: tak
A36: Softseating | B36: Softseating | C36: Ardena/Lupino lounge* | D36: wszystkie modele | E36: 130 | F36: 200 | G36: nowość | H36: 45940 | I36: tak

Sheet Rejestr nowości - Luty 2026
A1: Super Grupa | B1: Grupa | C1: Linia / *Linia zakupowa | D1: Model produktowy | E1: Forecast H1 2026 (1 półrocze) | F1: Forecast H2 2026 (2 półrocze) | G1: Komentarz | H1: Data publikacji p3s: | I1: Zmiana
A2: Chairs | B2: Frame chairs | C2: Flesco | D2: wszystkie modele | E2: 2000 | F2: 3000 | H2: 45777
A3: Chairs | B3: Frame chairs | C3: Sitari | D3: wszystkie modele | E3: 1000 | F3: 2000 | H3: 45961
A4: Chairs | B4: Frame chairs | C4: Smile | D4: wszystkie modele | E4: 1000 | F4: 1000 | H4: 45600
A5: Chairs | B5: Frame chairs | C5: Yuni* | D5: wszystkie modele | E5: 600 | F5: 1000 | H5: 45877
A6: Chairs | B6: Frame chairs | C6: Bzoom | D6: wszystkie modele | E6: 300 | F6: 500 | G6: nowość | H6: 46087
A7: Chairs | B7: Swivel chairs | C7: Elovie* | D7: wszystkie modele | E7: 4000 | F7: 5000 | H7: 45807
A8: Chairs | B8: Swivel chairs | C8: Prox | D8: wszystkie modele | E8: 2000 | F8: 3000 | H8: 45803
A9: Chairs | B9: Swivel chairs | C9: Vienna* | D9: wszystkie modele | E9: 500 | F9: 500 | H9: 45807
A10: Chairs | B10: Swivel chairs | C10: AIRI* | D10: wszystkie modele | E10: 500 | F10: 500 | H10: 45989
A11: Chairs | B11: Swivel chairs | C11: ERGO1* | D11: wszystkie modele | E11: 200 | F11: 300 | H11: 45930
A12: Chairs | B12: Swivel chairs | C12: Ovia* | D12: wszystkie modele | E12: 500 | F12: 1000 | G12: nowość | H12: 46080
A13: Chairs | B13: Swivel chairs | C13: Trofi* | D13: wszystkie modele | E13: 1500 | F13: 2500 | G13: nowość | H13: 46052
A14: Furniture | B14: Accessories | C14: Multo | D14: wszystkie modele | E14: 800 | F14: 1200 | H14: 45950 | I14: tak
A15: Furniture | B15: Desks and workbenches | C15: eComo | D15: wszystkie modele | E15: 6000 | F15: 6500 | H15: 45404
A16: Furniture | B16: Desks and workbenches | C16: eModel 3.0 | D16: wszystkie modele | E16: 18000 | F16: 24000 | H16: 45483
A17: Furniture | B17: Desks and workbenches | C17: eUP Prime | D17: wszystkie modele | E17: 4000 | F17: 5000 | H17: 45793
A18: Furniture | B18: Desks and workbenches | C18: Aero | D18: wszystkie modele | E18: 400 | F18: 600 | H18: 45933
A19: Furniture | B19: Storage | C19: Aplo | D19: wszystkie modele | E19: 50 | F19: 100 | H19: 45797
A20: Furniture | B20: Storage | C20: K27 | D20: wszystkie modele | E20: 100 | F20: 100 | H20: 45905
A21: Furniture | B21: Storage | C21: Multo | D21: wszystkie modele | E21: 800 | F21: 1200 | H21: 45950
A22: Furniture | B22: Storage | C22: Tento 2.0 | D22: wszystkie modele | E22: 4000 | F22: 5000 | G22: nowość | H22: 45960
A23: Furniture | B23: Tables | C23: Semu | D23: wszystkie modele | E23: 600 | F23: 700 | H23: 45658
A24: Softseating | B24: Acoustic pods | C24: SPIX* | D24: wszystkie modele | E24: 200 | F24: 100 | H24: 45772
A25: Softseating | B25: Panels | C25: Multo | D25: wszystkie modele | E25: 600 | F25: 800 | H25: 45930
A26: Softseating | B26: Panels | C26: Sileo EVO | D26: wszystkie modele | E26: 600 | F26: 800 | H26: 45989
A27: Softseating | B27: Softseating | C27: Barrique* | D27: wszystkie modele | E27: 50 | F27: 50 | H27: 45824 | I27: tak
A28: Softseating | B28: Softseating | C28: Bound | D28: wszystkie modele | E28: 150 | F28: 150 | H28: 45230 | I28: przestało być nowością
A29: Softseating | B29: Softseating | C29: Genaya | D29: wszystkie modele | E29: 250 | F29: 250 | H29: 45167 | I29: tak
A30: Softseating | B30: Softseating | C30: Kanu | D30: wszystkie modele | E30: 200 | F30: 200 | H30: 45581 | I30: tak
A31: Softseating | B31: Softseating | C31: Mollen | D31: wszystkie modele | E31: 1000 | F31: 1000 | H31: 45593 | I31: tak
A32: Softseating | B32: Softseating | C32: Otuli* | D32: wszystkie modele | E32: 60 | F32: 60 | H32: 45793 | I32: tak
A33: Softseating | B33: Softseating | C33: Scadio | D33: wszystkie modele | E33: 300 | F33: 300 | H33: 45658 | I33: tak
A34: Softseating | B34: Softseating | C34: Sivu* | D34: wszystkie modele | E34: 50 | F34: 50 | H34: 45777 | I34: tak
A35: Softseating | B35: Softseating | C35: Tri.ply | D35: wszystkie modele | E35: 150 | F35: 150 | H35: 45468 | I35: tak
A36: Softseating | B36: Softseating | C36: Ardena/Lupino lounge* | D36: wszystkie modele | E36: 130 | F36: 200 | G36: nowość | H36: 45940 | I36: tak

Sheet Rejestr nowości - Marzec 2026
A1: Super Grupa | B1: Grupa | C1: Linia / *Linia zakupowa | D1: Model produktowy | E1: Forecast H1 2026 (1 półrocze) | F1: Forecast H2 2026 (2 półrocze) | G1: Komentarz | H1: Data publikacji p3s: | I1: Zmiana
A2: Chairs | B2: Frame chairs | C2: Flesco | D2: wszystkie modele | E2: 2000 | F2: 3000 | H2: 45777
A3: Chairs | B3: Frame chairs | C3: Sitari | D3: wszystkie modele | E3: 1000 | F3: 2000 | H3: 45961
A4: Chairs | B4: Frame chairs | C4: Smile | D4: wszystkie modele | E4: 1000 | F4: 1000 | H4: 45600
A5: Chairs | B5: Frame chairs | C5: Yuni* | D5: wszystkie modele | E5: 600 | F5: 1000 | H5: 45877
A6: Chairs | B6: Frame chairs | C6: Bzoom | D6: wszystkie modele | E6: 300 | F6: 500 | G6: nowość | H6: 46087
A7: Chairs | B7: Swivel chairs | C7: Elovie* | D7: wszystkie modele | E7: 4000 | F7: 5000 | H7: 45807
A8: Chairs | B8: Swivel chairs | C8: Prox | D8: wszystkie modele | E8: 2000 | F8: 3000 | H8: 45803
A9: Chairs | B9: Swivel chairs | C9: Vienna* | D9: wszystkie modele | E9: 500 | F9: 500 | H9: 45807
A10: Chairs | B10: Swivel chairs | C10: AIRI* | D10: wszystkie modele | E10: 500 | F10: 500 | H10: 45989
A11: Chairs | B11: Swivel chairs | C11: ERGO1* | D11: wszystkie modele | E11: 200 | F11: 300 | H11: 45930
A12: Chairs | B12: Swivel chairs | C12: Ovia* | D12: wszystkie modele | E12: 500 | F12: 1000 | G12: nowość | H12: 46080
A13: Chairs | B13: Swivel chairs | C13: Trofi* | D13: wszystkie modele | E13: 1500 | F13: 2500 | G13: nowość | H13: 46052
A14: Furniture | B14: Accessories | C14: Multo | D14: wszystkie modele | E14: 800 | F14: 1200 | H14: 45950 | I14: tak
A15: Furniture | B15: Desks and workbenches | C15: eComo | D15: wszystkie modele | E15: 6000 | F15: 6500 | H15: 45404
A16: Furniture | B16: Desks and workbenches | C16: eModel 3.0 | D16: wszystkie modele | E16: 18000 | F16: 24000 | H16: 45483
A17: Furniture | B17: Desks and workbenches | C17: eUP Prime | D17: wszystkie modele | E17: 4000 | F17: 5000 | H17: 45793
A18: Furniture | B18: Desks and workbenches | C18: Aero | D18: wszystkie modele | E18: 400 | F18: 600 | H18: 45933
A19: Furniture | B19: Storage | C19: Aplo | D19: wszystkie modele | E19: 50 | F19: 100 | H19: 45797
A20: Furniture | B20: Storage | C20: K27 | D20: wszystkie modele | E20: 100 | F20: 100 | H20: 45905
A21: Furniture | B21: Storage | C21: Multo | D21: wszystkie modele | E21: 800 | F21: 1200 | H21: 45950
A22: Furniture | B22: Storage | C22: Tento 2.0 | D22: wszystkie modele | E22: 4000 | F22: 5000 | G22: nowość | H22: 45960
A23: Furniture | B23: Tables | C23: Semu | D23: wszystkie modele | E23: 600 | F23: 700 | H23: 45658
A24: Softseating | B24: Acoustic pods | C24: SPIX* | D24: wszystkie modele | E24: 200 | F24: 100 | H24: 45772
A25: Softseating | B25: Panels | C25: Multo | D25: wszystkie modele | E25: 600 | F25: 800 | H25: 45930
A26: Softseating | B26: Panels | C26: Sileo EVO | D26: wszystkie modele | E26: 600 | F26: 800 | H26: 45989
A27: Softseating | B27: Softseating | C27: Barrique* | D27: wszystkie modele | E27: 50 | F27: 50 | H27: 45824 | I27: tak
A28: Softseating | B28: Softseating | C28: Bound | D28: wszystkie modele | E28: 150 | F28: 150 | H28: 45230 | I28: przestało być nowością
A29: Softseating | B29: Softseating | C29: Genaya | D29: wszystkie modele | E29: 250 | F29: 250 | H29: 45167 | I29: tak
A30: Softseating | B30: Softseating | C30: Kanu | D30: wszystkie modele | E30: 200 | F30: 200 | H30: 45581 | I30: tak
A31: Softseating | B31: Softseating | C31: Mollen | D31: wszystkie modele | E31: 1000 | F31: 1000 | H31: 45593 | I31: tak
A32: Softseating | B32: Softseating | C32: Otuli* | D32: wszystkie modele | E32: 60 | F32: 60 | H32: 45793 | I32: tak
A33: Softseating | B33: Softseating | C33: Scadio | D33: wszystkie modele | E33: 300 | F33: 300 | H33: 45658 | I33: tak
A34: Softseating | B34: Softseating | C34: Sivu* | D34: wszystkie modele | E34: 50 | F34: 50 | H34: 45777 | I34: tak
A35: Softseating | B35: Softseating | C35: Tri.ply | D35: wszystkie modele | E35: 150 | F35: 150 | H35: 45468 | I35: tak
A36: Softseating | B36: Softseating | C36: Ardena/Lupino lounge* | D36: wszystkie modele | E36: 130 | F36: 200 | G36: nowość | H36: 45940 | I36: tak

Sheet Rejestr nowości - Kwiecień 2026
A1: Super Grupa | B1: Grupa | C1: Linia / *Linia zakupowa | D1: Model produktowy | E1: Forecast H1 2026 (1 półrocze) | F1: Forecast H2 2026 (2 półrocze) | G1: Komentarz | H1: Data publikacji p3s: | I1: Zmiana
A2: Furniture | B2: Desks and workbenches | C2: Aero | D2: wszystkie modele | E2: 400 | F2: 600 | H2: 45933
A3: Chairs | B3: Swivel chairs | C3: AIRI* | D3: wszystkie modele | E3: 500 | F3: 500 | H3: 45989
A4: Furniture | B4: Storage | C4: Aplo | D4: wszystkie modele | E4: 110 | F4: 150 | H4: 45797 | I4: tak
A5: Softseating | B5: Softseating | C5: Ardena/Lupino lounge* | D5: wszystkie modele | E5: 10 | F5: 100 | H5: 45940 | I5: zmiana
A6: Softseating | B6: Softseating | C6: Barrique* | D6: wszystkie modele | E6: 50 | F6: 50 | H6: 45824
A7: Chairs | B7: Frame chairs | C7: Bzoom | D7: wszystkie modele | E7: 300 | F7: 500 | G7: nowość | H7: 46087
A8: Chairs | B8: Swivel chairs | C8: Calis* | D8: wszystkie modele | E8: 500 | F8: 2000 | G8: nowość | H8: 46129
A9: Furniture | B9: Desks and workbenches | C9: eComo | D9: wszystkie modele | E9: 6300 | F9: 6800 | H9: 45404
A10: Chairs | B10: Swivel chairs | C10: Elovie* | D10: wszystkie modele | E10: 4000 | F10: 5000 | H10: 45807
A11: Furniture | B11: Desks and workbenches | C11: eModel 3.0 | D11: wszystkie modele | E11: 26000 | F11: 28000 | H11: 45483
A12: Chairs | B12: Swivel chairs | C12: ERGO1* | D12: wszystkie modele | E12: 200 | F12: 300 | H12: 45930
A13: Furniture | B13: Desks and workbenches | C13: eUP Prime | D13: wszystkie modele | E13: 4600 | F13: 5500 | H13: 45793
A14: Chairs | B14: Frame chairs | C14: Flesco | D14: wszystkie modele | E14: 2000 | F14: 3000 | H14: 45777
A15: Softseating | B15: Softseating | C15: Genaya | D15: wszystkie modele | E15: 250 | F15: 250 | H15: 45167 | I15: przestało być nowością
A16: Furniture | B16: Storage | C16: K27 | D16: wszystkie modele | E16: 30 | F16: 100 | H16: 45905 | I16: tak
A17: Furniture | B17: Storage | C17: K42 | D17: wszystkie modele | E17: 100 | H17: 46162
A18: Furniture | B18: Storage | C18: K42 | D18: wszystkie modele | E18: 200 | F18: 4500 | G18: nowość
A19: Softseating | B19: Softseating | C19: Kanu | D19: wszystkie modele | E19: 200 | F19: 200 | H19: 45581
A20: Softseating | B20: Softseating | C20: Mollen | D20: wszystkie modele | E20: 1000 | F20: 1000 | H20: 45593
A21: Furniture | B21: Accessories | C21: Multo | D21: wszystkie modele | E21: 1300 | F21: 1800 | H21: 45950 | I21: tak
A22: Furniture | B22: Storage | C22: Multo | D22: wszystkie modele | E22: 800 | F22: 1200 | H22: 45950
A23: Furniture | B23: Panels | C23: Multo | D23: wszystkie modele | E23: 1100 | F23: 1500 | H23: 45930
A24: Softseating | B24: Softseating | C24: Otuli* | D24: wszystkie modele | E24: 100 | F24: 120 | H24: 45793 | I24: zmiana
A25: Chairs | B25: Swivel chairs | C25: Ovia* | D25: wszystkie modele | E25: 200 | F25: 500 | G25: nowość | H25: 46080 | I25: tak (wg maila 10/04)
A26: Chairs | B26: Swivel chairs | C26: Prox | D26: wszystkie modele | E26: 2000 | F26: 3000 | H26: 45803
A27: Softseating | B27: Softseating | C27: Scadio | D27: wszystkie modele | E27: 400 | F27: 450 | H27: 45658 | I27: zmiana
A28: Furniture | B28: Tables | C28: Semu | D28: wszystkie modele | E28: 850 | F28: 1000 | H28: 45658
A29: Furniture | B29: Panels | C29: Sileo EVO | D29: wszystkie modele | E29: 150 | F29: 800 | H29: 45989
A30: Chairs | B30: Frame chairs | C30: Sitari | D30: wszystkie modele | E30: 1000 | F30: 2000 | H30: 45961
A31: Softseating | B31: Softseating | C31: Sivu* | D31: wszystkie modele | E31: 50 | F31: 50 | H31: 45777
A32: Chairs | B32: Frame chairs | C32: Smile | D32: wszystkie modele | E32: 1000 | F32: 1000 | H32: 45600
A33: Furniture | B33: Acoustic pods | C33: SPIX* | D33: wszystkie modele | E33: 240 | F33: 250 | H33: 45772
A34: Furniture | B34: Storage | C34: Tento 2.0 | D34: wszystkie modele | E34: 2500 | F34: 5000 | H34: 45960 | I34: tak
A35: Softseating | B35: Softseating | C35: Tri.ply | D35: wszystkie modele | E35: 250 | F35: 300 | H35: 45468 | I35: zmiana
A36: Chairs | B36: Swivel chairs | C36: Trofi* | D36: wszystkie modele | E36: 1500 | F36: 2500 | G36: nowość | H36: 46052
A37: Chairs | B37: Swivel chairs | C37: Vienna* | D37: wszystkie modele | E37: 500 | F37: 500 | H37: 45807
A38: Chairs | B38: Frame chairs | C38: Yuni* | D38: wszystkie modele | E38: 600 | F38: 1000 | H38: 45877
A39: Chairs | B39: Swivel chairs | C39: Zef* | D39: model basic | E39: 250 | F39: 750 | G39: nowość | H39: 46129

Sheet Rejestr nowości - Maj 2026
A1: Super Grupa | B1: Grupa | C1: Linia / *Linia zakupowa | D1: Model produktowy | E1: Forecast H1 2025 (1 półrocze) | F1: Forecast H2 2025 (2 półrocze) | G1: Forecast H1 2026 (1 półrocze) | H1: Forecast H2 2026 (2 półrocze) | I1: Komentarz | J1: Data publikacji p3s: | K1: Zmiana
A2: Furniture | B2: Desks and workbenches | C2: Aero | D2: wszystkie modele | E2: {=IFERROR(_xlfn.XLOOKUP(C2&B2,'Rejestr nowości - Styczeń 2026'!$C$2:$C$36&'Rejestr nowości - Styczeń 2026'!$B$2:$B$36,'Rejestr nowości - Styczeń 2026'!$E$2:$E$36),"")} -> 400 | F2: {=IFERROR(_xlfn.XLOOKUP(C2&B2,'Rejestr nowości - Styczeń 2026'!$C$2:$C$36&'Rejestr nowości - Styczeń 2026'!$B$2:$B$36,'Rejestr nowości - Styczeń 2026'!$F$2:$F$36),"")} -> 600 | G2: 400 | H2: 600 | J2: 45933
A3: Chairs | B3: Swivel chairs | C3: AIRI* | D3: wszystkie modele | E3: {=IFERROR(_xlfn.XLOOKUP(C3&B3,'Rejestr nowości - Styczeń 2026'!$C$2:$C$36&'Rejestr nowości - Styczeń 2026'!$B$2:$B$36,'Rejestr nowości - Styczeń 2026'!$E$2:$E$36),"")} -> 500 | F3: {=IFERROR(_xlfn.XLOOKUP(C3&B3,'Rejestr nowości - Styczeń 2026'!$C$2:$C$36&'Rejestr nowości - Styczeń 2026'!$B$2:$B$36,'Rejestr nowości - Styczeń 2026'!$F$2:$F$36),"")} -> 500 | G3: 500 | H3: 500 | J3: 45989
A4: Furniture | B4: Storages | C4: Aplo | D4: wszystkie modele | E4: {=IFERROR(_xlfn.XLOOKUP(C4&B4,'Rejestr nowości - Styczeń 2026'!$C$2:$C$36&'Rejestr nowości - Styczeń 2026'!$B$2:$B$36,'Rejestr nowości - Styczeń 2026'!$E$2:$E$36),"")} -> 50 | F4: {=IFERROR(_xlfn.XLOOKUP(C4&B4,'Rejestr nowości - Styczeń 2026'!$C$2:$C$36&'Rejestr nowości - Styczeń 2026'!$B$2:$B$36,'Rejestr nowości - Styczeń 2026'!$F$2:$F$36),"")} -> 100 | G4: 110 | H4: 150 | J4: 45797 | K4: tak
A5: Softseating | B5: Softseating | C5: Ardena/Lupino lounge* | D5: wszystkie modele | E5: {=IFERROR(_xlfn.XLOOKUP(C5&B5,'Rejestr nowości - Styczeń 2026'!$C$2:$C$36&'Rejestr nowości - Styczeń 2026'!$B$2:$B$36,'Rejestr nowości - Styczeń 2026'!$E$2:$E$36),"")} -> 130 | F5: {=IFERROR(_xlfn.XLOOKUP(C5&B5,'Rejestr nowości - Styczeń 2026'!$C$2:$C$36&'Rejestr nowości - Styczeń 2026'!$B$2:$B$36,'Rejestr nowości - Styczeń 2026'!$F$2:$F$36),"")} -> 200 | G5: 10 | H5: 100 | J5: 45940 | K5: zmiana
A6: Softseating | B6: Softseating | C6: Barrique* | D6: wszystkie modele | E6: {=IFERROR(_xlfn.XLOOKUP(C6&B6,'Rejestr nowości - Styczeń 2026'!$C$2:$C$36&'Rejestr nowości - Styczeń 2026'!$B$2:$B$36,'Rejestr nowości - Styczeń 2026'!$E$2:$E$36),"")} -> 50 | F6: {=IFERROR(_xlfn.XLOOKUP(C6&B6,'Rejestr nowości - Styczeń 2026'!$C$2:$C$36&'Rejestr nowości - Styczeń 2026'!$B$2:$B$36,'Rejestr nowości - Styczeń 2026'!$F$2:$F$36),"")} -> 50 | G6: 50 | H6: 50 | J6: 45824
A7: Chairs | B7: Frame chairs | C7: Bzoom | D7: wszystkie modele | E7: {=IFERROR(_xlfn.XLOOKUP(C7&B7,'Rejestr nowości - Styczeń 2026'!$C$2:$C$36&'Rejestr nowości - Styczeń 2026'!$B$2:$B$36,'Rejestr nowości - Styczeń 2026'!$E$2:$E$36),"")} -> TBC | F7: {=IFERROR(_xlfn.XLOOKUP(C7&B7,'Rejestr nowości - Styczeń 2026'!$C$2:$C$36&'Rejestr nowości - Styczeń 2026'!$B$2:$B$36,'Rejestr nowości - Styczeń 2026'!$F$2:$F$36),"")} -> TBC | G7: 300 | H7: 500 | I7: nowość | J7: 46087
A8: Chairs | B8: Swivel chairs | C8: Calis* | D8: wszystkie modele | E8: {=IFERROR(_xlfn.XLOOKUP(C8&B8,'Rejestr nowości - Styczeń 2026'!$C$2:$C$36&'Rejestr nowości - Styczeń 2026'!$B$2:$B$36,'Rejestr nowości - Styczeń 2026'!$E$2:$E$36),"")} | F8: {=IFERROR(_xlfn.XLOOKUP(C8&B8,'Rejestr nowości - Styczeń 2026'!$C$2:$C$36&'Rejestr nowości - Styczeń 2026'!$B$2:$B$36,'Rejestr nowości - Styczeń 2026'!$F$2:$F$36),"")} | G8: 500 | H8: 2000 | I8: nowość | J8: 46129
A9: Furniture | B9: Desks and workbenches | C9: eComo | D9: wszystkie modele | E9: {=IFERROR(_xlfn.XLOOKUP(C9&B9,'Rejestr nowości - Styczeń 2026'!$C$2:$C$36&'Rejestr nowości - Styczeń 2026'!$B$2:$B$36,'Rejestr nowości - Styczeń 2026'!$E$2:$E$36),"")} -> 6000 | F9: {=IFERROR(_xlfn.XLOOKUP(C9&B9,'Rejestr nowości - Styczeń 2026'!$C$2:$C$36&'Rejestr nowości - Styczeń 2026'!$B$2:$B$36,'Rejestr nowości - Styczeń 2026'!$F$2:$F$36),"")} -> 6500 | G9: 6300 | H9: 6800 | J9: 45404
A10: Chairs | B10: Swivel chairs | C10: Elovie* | D10: wszystkie modele | E10: {=IFERROR(_xlfn.XLOOKUP(C10&B10,'Rejestr nowości - Styczeń 2026'!$C$2:$C$36&'Rejestr nowości - Styczeń 2026'!$B$2:$B$36,'Rejestr nowości - Styczeń 2026'!$E$2:$E$36),"")} -> 4000 | F10: {=IFERROR(_xlfn.XLOOKUP(C10&B10,'Rejestr nowości - Styczeń 2026'!$C$2:$C$36&'Rejestr nowości - Styczeń 2026'!$B$2:$B$36,'Rejestr nowości - Styczeń 2026'!$F$2:$F$36),"")} -> 5000 | G10: 4000 | H10: 5000 | J10: 45807
A11: Furniture | B11: Desks and workbenches | C11: eModel 3.0 | D11: wszystkie modele | E11: {=IFERROR(_xlfn.XLOOKUP(C11&B11,'Rejestr nowości - Styczeń 2026'!$C$2:$C$36&'Rejestr nowości - Styczeń 2026'!$B$2:$B$36,'Rejestr nowości - Styczeń 2026'!$E$2:$E$36),"")} -> 18000 | F11: {=IFERROR(_xlfn.XLOOKUP(C11&B11,'Rejestr nowości - Styczeń 2026'!$C$2:$C$36&'Rejestr nowości - Styczeń 2026'!$B$2:$B$36,'Rejestr nowości - Styczeń 2026'!$F$2:$F$36),"")} -> 24000 | G11: 26000 | H11: 28000 | J11: 45483
A12: Chairs | B12: Swivel chairs | C12: ERGO1* | D12: wszystkie modele | E12: {=IFERROR(_xlfn.XLOOKUP(C12&B12,'Rejestr nowości - Styczeń 2026'!$C$2:$C$36&'Rejestr nowości - Styczeń 2026'!$B$2:$B$36,'Rejestr nowości - Styczeń 2026'!$E$2:$E$36),"")} -> 200 | F12: {=IFERROR(_xlfn.XLOOKUP(C12&B12,'Rejestr nowości - Styczeń 2026'!$C$2:$C$36&'Rejestr nowości - Styczeń 2026'!$B$2:$B$36,'Rejestr nowości - Styczeń 2026'!$F$2:$F$36),"")} -> 300 | G12: 200 | H12: 300 | J12: 45930
A13: Furniture | B13: Desks and workbenches | C13: eUP Prime | D13: wszystkie modele | E13: {=IFERROR(_xlfn.XLOOKUP(C13&B13,'Rejestr nowości - Styczeń 2026'!$C$2:$C$36&'Rejestr nowości - Styczeń 2026'!$B$2:$B$36,'Rejestr nowości - Styczeń 2026'!$E$2:$E$36),"")} -> 4000 | F13: {=IFERROR(_xlfn.XLOOKUP(C13&B13,'Rejestr nowości - Styczeń 2026'!$C$2:$C$36&'Rejestr nowości - Styczeń 2026'!$B$2:$B$36,'Rejestr nowości - Styczeń 2026'!$F$2:$F$36),"")} -> 5000 | G13: 4600 | H13: 5500 | J13: 45793
A14: Chairs | B14: Frame chairs | C14: Flesco | D14: wszystkie modele | E14: {=IFERROR(_xlfn.XLOOKUP(C14&B14,'Rejestr nowości - Styczeń 2026'!$C$2:$C$36&'Rejestr nowości - Styczeń 2026'!$B$2:$B$36,'Rejestr nowości - Styczeń 2026'!$E$2:$E$36),"")} -> 2000 | F14: {=IFERROR(_xlfn.XLOOKUP(C14&B14,'Rejestr nowości - Styczeń 2026'!$C$2:$C$36&'Rejestr nowości - Styczeń 2026'!$B$2:$B$36,'Rejestr nowości - Styczeń 2026'!$F$2:$F$36),"")} -> 3000 | G14: 2000 | H14: 3000 | J14: 45777
A15: Softseating | B15: Softseating | C15: Genaya | D15: wszystkie modele | E15: {=IFERROR(_xlfn.XLOOKUP(C15&B15,'Rejestr nowości - Styczeń 2026'!$C$2:$C$36&'Rejestr nowości - Styczeń 2026'!$B$2:$B$36,'Rejestr nowości - Styczeń 2026'!$E$2:$E$36),"")} -> 250 | F15: {=IFERROR(_xlfn.XLOOKUP(C15&B15,'Rejestr nowości - Styczeń 2026'!$C$2:$C$36&'Rejestr nowości - Styczeń 2026'!$B$2:$B$36,'Rejestr nowości - Styczeń 2026'!$F$2:$F$36),"")} -> 250 | G15: 250 | H15: 250 | J15: 45167 | K15: przestało być nowością
A16: Furniture | B16: Storages | C16: K27 | D16: wszystkie modele | E16: {=IFERROR(_xlfn.XLOOKUP(C16&B16,'Rejestr nowości - Styczeń 2026'!$C$2:$C$36&'Rejestr nowości - Styczeń 2026'!$B$2:$B$36,'Rejestr nowości - Styczeń 2026'!$E$2:$E$36),"")} -> 100 | F16: {=IFERROR(_xlfn.XLOOKUP(C16&B16,'Rejestr nowości - Styczeń 2026'!$C$2:$C$36&'Rejestr nowości - Styczeń 2026'!$B$2:$B$36,'Rejestr nowości - Styczeń 2026'!$F$2:$F$36),"")} -> 100 | G16: 30 | H16: 100 | J16: 45905 | K16: tak
A17: Furniture | B17: Storages | C17: K42 | D17: wszystkie modele | E17: {=IFERROR(_xlfn.XLOOKUP(C17&B17,'Rejestr nowości - Styczeń 2026'!$C$2:$C$36&'Rejestr nowości - Styczeń 2026'!$B$2:$B$36,'Rejestr nowości - Styczeń 2026'!$E$2:$E$36),"")} | F17: {=IFERROR(_xlfn.XLOOKUP(C17&B17,'Rejestr nowości - Styczeń 2026'!$C$2:$C$36&'Rejestr nowości - Styczeń 2026'!$B$2:$B$36,'Rejestr nowości - Styczeń 2026'!$F$2:$F$36),"")} | G17: 200 | H17: 4500 | I17: nowość
A18: Softseating | B18: Softseating | C18: Kanu | D18: wszystkie modele | E18: {=IFERROR(_xlfn.XLOOKUP(C18&B18,'Rejestr nowości - Styczeń 2026'!$C$2:$C$36&'Rejestr nowości - Styczeń 2026'!$B$2:$B$36,'Rejestr nowości - Styczeń 2026'!$E$2:$E$36),"")} -> 200 | F18: {=IFERROR(_xlfn.XLOOKUP(C18&B18,'Rejestr nowości - Styczeń 2026'!$C$2:$C$36&'Rejestr nowości - Styczeń 2026'!$B$2:$B$36,'Rejestr nowości - Styczeń 2026'!$F$2:$F$36),"")} -> 200 | G18: 200 | H18: 200 | J18: 45581
A19: Softseating | B19: Softseating | C19: Mollen | D19: wszystkie modele | E19: {=IFERROR(_xlfn.XLOOKUP(C19&B19,'Rejestr nowości - Styczeń 2026'!$C$2:$C$36&'Rejestr nowości - Styczeń 2026'!$B$2:$B$36,'Rejestr nowości - Styczeń 2026'!$E$2:$E$36),"")} -> 1000 | F19: {=IFERROR(_xlfn.XLOOKUP(C19&B19,'Rejestr nowości - Styczeń 2026'!$C$2:$C$36&'Rejestr nowości - Styczeń 2026'!$B$2:$B$36,'Rejestr nowości - Styczeń 2026'!$F$2:$F$36),"")} -> 1000 | G19: 1000 | H19: 1000 | J19: 45593
A20: Furniture | B20: Accessories | C20: Multo | D20: wszystkie modele | E20: {=IFERROR(_xlfn.XLOOKUP(C20&B20,'Rejestr nowości - Styczeń 2026'!$C$2:$C$36&'Rejestr nowości - Styczeń 2026'!$B$2:$B$36,'Rejestr nowości - Styczeń 2026'!$E$2:$E$36),"")} -> 800 | F20: {=IFERROR(_xlfn.XLOOKUP(C20&B20,'Rejestr nowości - Styczeń 2026'!$C$2:$C$36&'Rejestr nowości - Styczeń 2026'!$B$2:$B$36,'Rejestr nowości - Styczeń 2026'!$F$2:$F$36),"")} -> 1200 | G20: 1300 | H20: 1800 | J20: 45950 | K20: tak
A21: Furniture | B21: Storages | C21: Multo | D21: wszystkie modele | E21: {=IFERROR(_xlfn.XLOOKUP(C21&B21,'Rejestr nowości - Styczeń 2026'!$C$2:$C$36&'Rejestr nowości - Styczeń 2026'!$B$2:$B$36,'Rejestr nowości - Styczeń 2026'!$E$2:$E$36),"")} -> 800 | F21: {=IFERROR(_xlfn.XLOOKUP(C21&B21,'Rejestr nowości - Styczeń 2026'!$C$2:$C$36&'Rejestr nowości - Styczeń 2026'!$B$2:$B$36,'Rejestr nowości - Styczeń 2026'!$F$2:$F$36),"")} -> 1200 | G21: 800 | H21: 1200 | J21: 45950
A22: Furniture | B22: Panels | C22: Multo | D22: wszystkie modele | E22: {=IFERROR(_xlfn.XLOOKUP(C22&B22,'Rejestr nowości - Styczeń 2026'!$C$2:$C$36&'Rejestr nowości - Styczeń 2026'!$B$2:$B$36,'Rejestr nowości - Styczeń 2026'!$E$2:$E$36),"")} -> 600 | F22: {=IFERROR(_xlfn.XLOOKUP(C22&B22,'Rejestr nowości - Styczeń 2026'!$C$2:$C$36&'Rejestr nowości - Styczeń 2026'!$B$2:$B$36,'Rejestr nowości - Styczeń 2026'!$F$2:$F$36),"")} -> 800 | G22: 1100 | H22: 1500 | J22: 45930
A23: Softseating | B23: Softseating | C23: Otuli* | D23: wszystkie modele | E23: {=IFERROR(_xlfn.XLOOKUP(C23&B23,'Rejestr nowości - Styczeń 2026'!$C$2:$C$36&'Rejestr nowości - Styczeń 2026'!$B$2:$B$36,'Rejestr nowości - Styczeń 2026'!$E$2:$E$36),"")} -> 60 | F23: {=IFERROR(_xlfn.XLOOKUP(C23&B23,'Rejestr nowości - Styczeń 2026'!$C$2:$C$36&'Rejestr nowości - Styczeń 2026'!$B$2:$B$36,'Rejestr nowości - Styczeń 2026'!$F$2:$F$36),"")} -> 60 | G23: 100 | H23: 120 | J23: 45793 | K23: zmiana
A24: Chairs | B24: Swivel chairs | C24: Ovia* | D24: wszystkie modele | E24: {=IFERROR(_xlfn.XLOOKUP(C24&B24,'Rejestr nowości - Styczeń 2026'!$C$2:$C$36&'Rejestr nowości - Styczeń 2026'!$B$2:$B$36,'Rejestr nowości - Styczeń 2026'!$E$2:$E$36),"")} -> TBC | F24: {=IFERROR(_xlfn.XLOOKUP(C24&B24,'Rejestr nowości - Styczeń 2026'!$C$2:$C$36&'Rejestr nowości - Styczeń 2026'!$B$2:$B$36,'Rejestr nowości - Styczeń 2026'!$F$2:$F$36),"")} -> TBC | G24: 200 | H24: 500 | I24: nowość | J24: 46080 | K24: tak (wg maila 10/04)
A25: Chairs | B25: Swivel chairs | C25: Prox | D25: wszystkie modele | E25: {=IFERROR(_xlfn.XLOOKUP(C25&B25,'Rejestr nowości - Styczeń 2026'!$C$2:$C$36&'Rejestr nowości - Styczeń 2026'!$B$2:$B$36,'Rejestr nowości - Styczeń 2026'!$E$2:$E$36),"")} -> 2000 | F25: {=IFERROR(_xlfn.XLOOKUP(C25&B25,'Rejestr nowości - Styczeń 2026'!$C$2:$C$36&'Rejestr nowości - Styczeń 2026'!$B$2:$B$36,'Rejestr nowości - Styczeń 2026'!$F$2:$F$36),"")} -> 3000 | G25: 500 | H25: 750 | J25: 45803 | K25: zmiana
A26: Softseating | B26: Softseating | C26: Scadio | D26: wszystkie modele | E26: {=IFERROR(_xlfn.XLOOKUP(C26&B26,'Rejestr nowości - Styczeń 2026'!$C$2:$C$36&'Rejestr nowości - Styczeń 2026'!$B$2:$B$36,'Rejestr nowości - Styczeń 2026'!$E$2:$E$36),"")} -> 300 | F26: {=IFERROR(_xlfn.XLOOKUP(C26&B26,'Rejestr nowości - Styczeń 2026'!$C$2:$C$36&'Rejestr nowości - Styczeń 2026'!$B$2:$B$36,'Rejestr nowości - Styczeń 2026'!$F$2:$F$36),"")} -> 300 | G26: 400 | H26: 450 | J26: 45658 | K26: zmiana
A27: Furniture | B27: Tables | C27: Semu | D27: wszystkie modele | E27: {=IFERROR(_xlfn.XLOOKUP(C27&B27,'Rejestr nowości - Styczeń 2026'!$C$2:$C$36&'Rejestr nowości - Styczeń 2026'!$B$2:$B$36,'Rejestr nowości - Styczeń 2026'!$E$2:$E$36),"")} -> 600 | F27: {=IFERROR(_xlfn.XLOOKUP(C27&B27,'Rejestr nowości - Styczeń 2026'!$C$2:$C$36&'Rejestr nowości - Styczeń 2026'!$B$2:$B$36,'Rejestr nowości - Styczeń 2026'!$F$2:$F$36),"")} -> 700 | G27: 850 | H27: 1000 | J27: 45658
A28: Furniture | B28: Panels, walls, acoustic products | C28: Sileo EVO | D28: wszystkie modele | E28: {=IFERROR(_xlfn.XLOOKUP(C28&B28,'Rejestr nowości - Styczeń 2026'!$C$2:$C$36&'Rejestr nowości - Styczeń 2026'!$B$2:$B$36,'Rejestr nowości - Styczeń 2026'!$E$2:$E$36),"")} | F28: {=IFERROR(_xlfn.XLOOKUP(C28&B28,'Rejestr nowości - Styczeń 2026'!$C$2:$C$36&'Rejestr nowości - Styczeń 2026'!$B$2:$B$36,'Rejestr nowości - Styczeń 2026'!$F$2:$F$36),"")} | G28: 150 | H28: 800 | J28: 45989
A29: Chairs | B29: Frame chairs | C29: Sitari | D29: wszystkie modele | E29: {=IFERROR(_xlfn.XLOOKUP(C29&B29,'Rejestr nowości - Styczeń 2026'!$C$2:$C$36&'Rejestr nowości - Styczeń 2026'!$B$2:$B$36,'Rejestr nowości - Styczeń 2026'!$E$2:$E$36),"")} -> 1000 | F29: {=IFERROR(_xlfn.XLOOKUP(C29&B29,'Rejestr nowości - Styczeń 2026'!$C$2:$C$36&'Rejestr nowości - Styczeń 2026'!$B$2:$B$36,'Rejestr nowości - Styczeń 2026'!$F$2:$F$36),"")} -> 2000 | G29: 1000 | H29: 2000 | J29: 45961
A30: Softseating | B30: Softseating | C30: Sivu* | D30: wszystkie modele | E30: {=IFERROR(_xlfn.XLOOKUP(C30&B30,'Rejestr nowości - Styczeń 2026'!$C$2:$C$36&'Rejestr nowości - Styczeń 2026'!$B$2:$B$36,'Rejestr nowości - Styczeń 2026'!$E$2:$E$36),"")} -> 50 | F30: {=IFERROR(_xlfn.XLOOKUP(C30&B30,'Rejestr nowości - Styczeń 2026'!$C$2:$C$36&'Rejestr nowości - Styczeń 2026'!$B$2:$B$36,'Rejestr nowości - Styczeń 2026'!$F$2:$F$36),"")} -> 50 | G30: 50 | H30: 50 | J30: 45777
A31: Chairs | B31: Frame chairs | C31: Smile | D31: wszystkie modele | E31: {=IFERROR(_xlfn.XLOOKUP(C31&B31,'Rejestr nowości - Styczeń 2026'!$C$2:$C$36&'Rejestr nowości - Styczeń 2026'!$B$2:$B$36,'Rejestr nowości - Styczeń 2026'!$E$2:$E$36),"")} -> 1000 | F31: {=IFERROR(_xlfn.XLOOKUP(C31&B31,'Rejestr nowości - Styczeń 2026'!$C$2:$C$36&'Rejestr nowości - Styczeń 2026'!$B$2:$B$36,'Rejestr nowości - Styczeń 2026'!$F$2:$F$36),"")} -> 1000 | G31: 1000 | H31: 1000 | J31: 45600
A32: Furniture | B32: Panels, walls, acoustic products | C32: SPIX* | D32: wszystkie modele | E32: {=IFERROR(_xlfn.XLOOKUP(C32&B32,'Rejestr nowości - Styczeń 2026'!$C$2:$C$36&'Rejestr nowości - Styczeń 2026'!$B$2:$B$36,'Rejestr nowości - Styczeń 2026'!$E$2:$E$36),"")} | F32: {=IFERROR(_xlfn.XLOOKUP(C32&B32,'Rejestr nowości - Styczeń 2026'!$C$2:$C$36&'Rejestr nowości - Styczeń 2026'!$B$2:$B$36,'Rejestr nowości - Styczeń 2026'!$F$2:$F$36),"")} | G32: 240 | H32: 250 | J32: 45772
A33: Furniture | B33: Storages | C33: Tento 2.0 | D33: wszystkie modele | E33: {=IFERROR(_xlfn.XLOOKUP(C33&B33,'Rejestr nowości - Styczeń 2026'!$C$2:$C$36&'Rejestr nowości - Styczeń 2026'!$B$2:$B$36,'Rejestr nowości - Styczeń 2026'!$E$2:$E$36),"")} -> 4000 | F33: {=IFERROR(_xlfn.XLOOKUP(C33&B33,'Rejestr nowości - Styczeń 2026'!$C$2:$C$36&'Rejestr nowości - Styczeń 2026'!$B$2:$B$36,'Rejestr nowości - Styczeń 2026'!$F$2:$F$36),"")} -> 5000 | G33: 2500 | H33: 5000 | J33: 45960 | K33: tak
A34: Softseating | B34: Softseating | C34: Tri.ply | D34: wszystkie modele | E34: {=IFERROR(_xlfn.XLOOKUP(C34&B34,'Rejestr nowości - Styczeń 2026'!$C$2:$C$36&'Rejestr nowości - Styczeń 2026'!$B$2:$B$36,'Rejestr nowości - Styczeń 2026'!$E$2:$E$36),"")} -> 150 | F34: {=IFERROR(_xlfn.XLOOKUP(C34&B34,'Rejestr nowości - Styczeń 2026'!$C$2:$C$36&'Rejestr nowości - Styczeń 2026'!$B$2:$B$36,'Rejestr nowości - Styczeń 2026'!$F$2:$F$36),"")} -> 150 | G34: 250 | H34: 300 | J34: 45468 | K34: zmiana
A35: Chairs | B35: Swivel chairs | C35: Trofi* | D35: wszystkie modele | E35: {=IFERROR(_xlfn.XLOOKUP(C35&B35,'Rejestr nowości - Styczeń 2026'!$C$2:$C$36&'Rejestr nowości - Styczeń 2026'!$B$2:$B$36,'Rejestr nowości - Styczeń 2026'!$E$2:$E$36),"")} -> TBC | F35: {=IFERROR(_xlfn.XLOOKUP(C35&B35,'Rejestr nowości - Styczeń 2026'!$C$2:$C$36&'Rejestr nowości - Styczeń 2026'!$B$2:$B$36,'Rejestr nowości - Styczeń 2026'!$F$2:$F$36),"")} -> TBC | G35: 1500 | H35: 2500 | I35: nowość | J35: 46052
A36: Chairs | B36: Swivel chairs | C36: Vienna* | D36: wszystkie modele | E36: {=IFERROR(_xlfn.XLOOKUP(C36&B36,'Rejestr nowości - Styczeń 2026'!$C$2:$C$36&'Rejestr nowości - Styczeń 2026'!$B$2:$B$36,'Rejestr nowości - Styczeń 2026'!$E$2:$E$36),"")} -> 500 | F36: {=IFERROR(_xlfn.XLOOKUP(C36&B36,'Rejestr nowości - Styczeń 2026'!$C$2:$C$36&'Rejestr nowości - Styczeń 2026'!$B$2:$B$36,'Rejestr nowości - Styczeń 2026'!$F$2:$F$36),"")} -> 500 | G36: 500 | H36: 500 | J36: 45807
A37: Chairs | B37: Frame chairs | C37: Yuni* | D37: wszystkie modele | E37: {=IFERROR(_xlfn.XLOOKUP(C37&B37,'Rejestr nowości - Styczeń 2026'!$C$2:$C$36&'Rejestr nowości - Styczeń 2026'!$B$2:$B$36,'Rejestr nowości - Styczeń 2026'!$E$2:$E$36),"")} -> 600 | F37: {=IFERROR(_xlfn.XLOOKUP(C37&B37,'Rejestr nowości - Styczeń 2026'!$C$2:$C$36&'Rejestr nowości - Styczeń 2026'!$B$2:$B$36,'Rejestr nowości - Styczeń 2026'!$F$2:$F$36),"")} -> 1000 | G37: 600 | H37: 1000 | J37: 45877
A38: Chairs | B38: Swivel chairs | C38: Zef* | D38: model basic | E38: {=IFERROR(_xlfn.XLOOKUP(C38&B38,'Rejestr nowości - Styczeń 2026'!$C$2:$C$36&'Rejestr nowości - Styczeń 2026'!$B$2:$B$36,'Rejestr nowości - Styczeń 2026'!$E$2:$E$36),"")} | F38: {=IFERROR(_xlfn.XLOOKUP(C38&B38,'Rejestr nowości - Styczeń 2026'!$C$2:$C$36&'Rejestr nowości - Styczeń 2026'!$B$2:$B$36,'Rejestr nowości - Styczeń 2026'!$F$2:$F$36),"")} | G38: 250 | H38: 750 | I38: nowość | J38: 46129

Sheet Arkusz1
